{
    "acacia_planks": [
        168.1328125,
        90.37109375,
        50.2265625
    ],
    "birch_planks": [
        192.46875,
        175.29296875,
        121.2421875
    ],
    "black_concrete": [
        8.40234375,
        10.40234375,
        15.40234375
    ],
    "black_glazed_terracotta": [
        67.734375,
        30.03515625,
        32.2109375
    ],
    "black_terracotta": [
        37.21875,
        22.828125,
        16.38671875
    ],
    "black_wool": [
        20.6015625,
        21.296875,
        25.6328125
    ],
    "blue_concrete": [
        44.5390625,
        46.5390625,
        143.421875
    ],
    "blue_glazed_terracotta": [
        47.453125,
        64.64453125,
        139.37109375
    ],
    "blue_terracotta": [
        74.29296875,
        59.68359375,
        91.109375
    ],
    "blue_wool": [
        53.0546875,
        57.25390625,
        157.4921875
    ],
    "brown_concrete": [
        96.44921875,
        59.546875,
        31.59765625
    ],
    "brown_glazed_terracotta": [
        119.96875,
        106.24609375,
        85.9453125
    ],
    "brown_terracotta": [
        77.234375,
        51.1796875,
        35.703125
    ],
    "brown_wool": [
        114.234375,
        71.609375,
        40.5859375
    ],
    "crimson_planks": [
        101.03515625,
        48.78125,
        70.56640625
    ],
    "cyan_concrete": [
        21.4453125,
        119.21875,
        136.1875
    ],
    "cyan_glazed_terracotta": [
        52.25,
        118.71875,
        125.33203125
    ],
    "cyan_terracotta": [
        86.71484375,
        91.01171875,
        91.00390625
    ],
    "cyan_wool": [
        21.24609375,
        137.7265625,
        145.3515625
    ],
    "dark_oak_planks": [
        66.66015625,
        43.09765625,
        20.21875
    ],
    "gray_concrete": [
        54.6171875,
        57.6171875,
        61.6171875
    ],
    "gray_glazed_terracotta": [
        83.09765625,
        90.30859375,
        93.6484375
    ],
    "gray_terracotta": [
        57.78515625,
        42.4140625,
        35.5625
    ],
    "gray_wool": [
        62.74609375,
        68.234375,
        71.5546875
    ],
    "green_concrete": [
        73.40625,
        91.33984375,
        36.4921875
    ],
    "green_glazed_terracotta": [
        117.015625,
        142.30859375,
        67.421875
    ],
    "green_terracotta": [
        76.0078125,
        83.2890625,
        42.3359375
    ],
    "green_wool": [
        84.83203125,
        109.53515625,
        27.50390625
    ],
    "jungle_planks": [
        160.44140625,
        115.19140625,
        80.79296875
    ],
    "light_blue_concrete": [
        35.59765625,
        137.0390625,
        198.9140625
    ],
    "light_blue_glazed_terracotta": [
        94.54296875,
        164.6171875,
        208.921875
    ],
    "light_blue_terracotta": [
        113.484375,
        108.53125,
        137.9921875
    ],
    "light_blue_wool": [
        58.0703125,
        175.046875,
        217.31640625
    ],
    "light_gray_concrete": [
        125.03125,
        125.03125,
        115.03125
    ],
    "light_gray_glazed_terracotta": [
        144.2578125,
        166.0625,
        167.953125
    ],
    "light_gray_terracotta": [
        135.25390625,
        106.8828125,
        97.5
    ],
    "light_gray_wool": [
        142.03125,
        142.1640625,
        134.6015625
    ],
    "lime_concrete": [
        94.08984375,
        168.8046875,
        24.5
    ],
    "lime_glazed_terracotta": [
        162.94921875,
        197.66796875,
        55.2109375
    ],
    "lime_terracotta": [
        103.53515625,
        117.67578125,
        52.796875
    ],
    "lime_wool": [
        112.2109375,
        185.1953125,
        25.796875
    ],
    "magenta_concrete": [
        169.20703125,
        48.4765625,
        159.2109375
    ],
    "magenta_glazed_terracotta": [
        208.26953125,
        100.41796875,
        191.91015625
    ],
    "magenta_terracotta": [
        149.66796875,
        88.1015625,
        108.6796875
    ],
    "magenta_wool": [
        189.54296875,
        68.765625,
        179.91796875
    ],
    "mangrove_planks": [
        117.953125,
        54.08203125,
        48.6640625
    ],
    "oak_planks": [
        162.203125,
        130.8203125,
        78.62890625
    ],
    "orange_concrete": [
        224.34375,
        97.13671875,
        0.6328125
    ],
    "orange_glazed_terracotta": [
        154.77734375,
        147.48828125,
        91.96484375
    ],
    "orange_terracotta": [
        161.59765625,
        83.87109375,
        37.671875
    ],
    "orange_wool": [
        240.65234375,
        118.078125,
        19.51171875
    ],
    "pink_concrete": [
        213.5,
        101.01171875,
        142.8671875
    ],
    "pink_glazed_terracotta": [
        235.15625,
        154.984375,
        181.5625
    ],
    "pink_terracotta": [
        161.92578125,
        78.27734375,
        78.66796875
    ],
    "pink_wool": [
        237.9140625,
        141.37890625,
        172.3515625
    ],
    "purple_concrete": [
        100.4140625,
        31.62109375,
        156.3828125
    ],
    "purple_glazed_terracotta": [
        109.81640625,
        47.8671875,
        152.359375
    ],
    "purple_terracotta": [
        118.4453125,
        70.26953125,
        86.08984375
    ],
    "purple_wool": [
        121.875,
        42.2109375,
        172.5078125
    ],
    "red_concrete": [
        142.3828125,
        32.8125,
        32.8125
    ],
    "red_glazed_terracotta": [
        181.99609375,
        59.58203125,
        53.015625
    ],
    "red_terracotta": [
        143.109375,
        61.01953125,
        46.90625
    ],
    "red_wool": [
        160.96875,
        39.3203125,
        34.640625
    ],
    "spruce_planks": [
        114.91796875,
        84.84375,
        48.55859375
    ],
    "warped_planks": [
        43.05078125,
        104.87109375,
        99.140625
    ],
    "white_concrete": [
        207.109375,
        213.078125,
        214.07421875
    ],
    "white_glazed_terracotta": [
        188.5,
        212.49609375,
        202.89453125
    ],
    "white_terracotta": [
        209.63671875,
        178.03515625,
        161.34765625
    ],
    "white_wool": [
        233.58984375,
        236.296875,
        236.7734375
    ],
    "yellow_concrete": [
        240.98828125,
        175.41015625,
        21.44921875
    ],
    "yellow_glazed_terracotta": [
        234.34765625,
        192.3203125,
        88.7109375
    ],
    "yellow_terracotta": [
        186.26953125,
        133.140625,
        35.36328125
    ],
    "yellow_wool": [
        248.78125,
        197.9609375,
        39.6328125
    ]
}